{
	"nodes" : 3,
	"weights" : [-3.4170276798856047, -3.366782934726798, -3.43086080296667],
	"bias" : 1.2811446250534153,
	"activation_function" : 'sigmoid',
	"learning_rate" : 0.1
}
